|000137581448|012024|R|Other|Other||6.990|6.990|450000.00||450000.00|360|012024|032024|-1|361|360|022054|70|70|2|49|754|715|N|P|SF|1|P|PA|29540|175||FRM|N|N|||00|XXXXXXXXXXXXXXXXXXXXXXXXXXXXXXXXXXXXXXXXXXXXXX00|N||||||||||||||||||||||||||||||||N|||||7||N|||||A|N|||||||||||||||7|N|||7|||7|
|000137581448|022024|R|Other|Other||6.990|6.990|450000.00||450000.00|360|012024|032024|0|360|360|022054|70|70|2|49|754|715|N|P|SF|1|P|PA|29540|175||FRM|N|N|||00|XXXXXXXXXXXXXXXXXXXXXXXXXXXXXXXXXXXXXXXXXXXX0000|N|||||||0.00|||||||||||||||||||||||||N|||||7||N|||||A|N|||||||||||||||7|N|||7|||7|
|000137581448|032024|R|Other|Other||6.990|6.990|450000.00||449000.00|360|012024|032024|1|359|358|022054|70|70|2|49|754|715|N|P|SF|1|P|PA|29540|175||FRM|N|N|||00|XXXXXXXXXXXXXXXXXXXXXXXXXXXXXXXXXXXXXXXXXX000000|N|||||||773.58|||||||||||||||||||||||||N|||||7||N|||||A|N|||||||||||||||7|N|||7|||7|
|000137581448|042024|R|Other|Other||6.990|6.990|450000.00||449000.00|360|012024|032024|2|358|357|022054|70|70|2|49|754|715|N|P|SF|1|P|PA|29540|175||FRM|N|N|||00|XXXXXXXXXXXXXXXXXXXXXXXXXXXXXXXXXXXXXXXX00000000|N|||||||374.10|||||||||||||||||||||||||N|||||7||N|||||A|N|||||||||||||||7|N|||7|||7|
|000137581448|052024|R|Other|Other||6.990|6.990|450000.00||449000.00|360|012024|032024|3|357|357|022054|70|70|2|49|754|715|N|P|SF|1|P|PA|29540|175||FRM|N|N|||00|XXXXXXXXXXXXXXXXXXXXXXXXXXXXXXXXXXXXXX0000000000|N|||||||0.00|||||||||||||||||||||||||N|||||7||N|||||A|N|||||||||||||||7|N|||7|||7|
|000137581448|062024|R|Other|Other||6.990|6.990|450000.00||448000.00|360|012024|032024|4|356|356|022054|70|70|2|49|754|715|N|P|SF|1|P|PA|29540|175||FRM|N|N|||00|XXXXXXXXXXXXXXXXXXXXXXXXXXXXXXXXXXXX000000000000|N|||||||376.28|||||||||||||||||||||||||N|||||7||N|||||A|N|||||||||||||||7|N|||7|||7|
|000137581448|072024|R|Other|Other||6.990|6.990|450000.00||448000.00|360|012024|032024|5|355|355|022054|70|70|2|49|754|715|N|P|SF|1|P|PA|29540|175||FRM|N|N|||00|XXXXXXXXXXXXXXXXXXXXXXXXXXXXXXXXXX00000000000000|N|||||||378.47|||||||||||||||||||||||||N|||||7||N|||||A|N|||||||||||||||7|N|||7|||7|
|000137581448|082024|R|Other|Other||6.990|6.990|450000.00||447000.00|360|012024|032024|6|354|353|022054|70|70|2|49|754|715|N|P|SF|1|P|PA|29540|175||FRM|N|N|||00|XXXXXXXXXXXXXXXXXXXXXXXXXXXXXXXX0000000000000000|N|||||||763.56|||||||||||||||||||||||||N|||||7||N|||||A|N|||||||||||||||7|N|||7|||7|
|000137581448|092024|R|Other|Other||6.990|6.990|450000.00||447334.01|360|012024|032024|7|353|353|022054|70|70|2|49|754|715|N|P|SF|1|P|PA|29540|175||FRM|N|N|||00|XXXXXXXXXXXXXXXXXXXXXXXXXXXXXX000000000000000000|N|||||||0.00|||||||||||||||||||||||||N|||||7||N|||||A|N|||||||||||||||7|N|||7|||7|
|000137581448|102024|R|Other|Other||6.990|6.990|450000.00||446948.89|360|012024|032024|8|352|352|022054|70|70|2|49|754|715|N|P|SF|1|P|PA|29540|175||FRM|N|N|||00|XXXXXXXXXXXXXXXXXXXXXXXXXXXX00000000000000000000|N|||||||385.12|||||||||||||||||||||||||N|||||7||N|||||A|N|||||||||||||||7|N|||7|||7|
|000137581448|112024|R|Other|Other||6.990|6.990|450000.00||446561.53|360|012024|032024|9|351|351|022054|70|70|2|49|754|715|N|P|SF|1|P|PA|29540|175||FRM|N|N|||00|XXXXXXXXXXXXXXXXXXXXXXXXXX0000000000000000000000|N|||||||387.36|||||||||||||||||||||||||N|||||7||N|||||A|N|||||||||||||||7|N|||7|||7|
|000137581448|122024|R|Other|Other||6.990|6.990|450000.00||446171.91|360|012024|032024|10|350|350|022054|70|70|2|49|754|715|N|P|SF|1|P|PA|29540|175||FRM|N|N|||00|XXXXXXXXXXXXXXXXXXXXXXXX000000000000000000000000|N|||||||389.62|||||||||||||||||||||||||N|||||7||N|||||A|N|||||||||||||||7|N|||7|||7|
|000137581448|012025|R|Other|Other||6.990|6.990|450000.00||445780.02|360|012024|032024|11|349|349|022054|70|70|2|49|754|715|N|P|SF|1|P|PA|29540|175||FRM|N|N|||00|XXXXXXXXXXXXXXXXXXXXXX00000000000000000000000000|N|||||||391.89|||||||||||||||||||||||||N|||||7||N|||||A|N|||||||||||||||7|N|||7|||7|
|000137581448|022025|R|Other|Other||6.990|6.990|450000.00||445385.85|360|012024|032024|12|348|348|022054|70|70|2|49|754|715|N|P|SF|1|P|PA|29540|175||FRM|N|N|||00|XXXXXXXXXXXXXXXXXXXX0000000000000000000000000000|N|||||||394.17|||||||||||||||||||||||||N|||||7||N|||||A|N|||||||||||||||7|N|||7|||7|
|000137581448|032025|R|Other|Other||6.990|6.990|450000.00||444989.38|360|012024|032024|13|347|347|022054|70|70|2|49|754|715|N|P|SF|1|P|PA|29540|175||FRM|N|N|||00|XXXXXXXXXXXXXXXXXX000000000000000000000000000000|N|||||||396.47|||||||||||||||||||||||||N|||||7||N|||||A|N|||||||||||||||7|N|||7|||7|
|000137581448|042025|R|Other|Other||6.990|6.990|450000.00||444590.60|360|012024|032024|14|346|346|022054|70|70|2|49|754|715|N|P|SF|1|P|PA|29540|175||FRM|N|N|||00|XXXXXXXXXXXXXXXX00000000000000000000000000000000|N|||||||398.78|||||||||||||||||||||||||N|||||7||N|||||A|N|||||||||||||||7|N|||7|||7|
|000137581448|052025|R|Other|Other||6.990|6.990|450000.00||444189.50|360|012024|032024|15|345|345|022054|70|70|2|49|754|715|N|P|SF|1|P|PA|29540|175||FRM|N|N|||00|XXXXXXXXXXXXXX0000000000000000000000000000000000|N|||||||401.10|||||||||||||||||||||||||N|||||7||N|||||A|N|||||||||||||||7|N|||7|||7|
|000137581448|062025|R|Other|Other||6.990|6.990|450000.00||443786.06|360|012024|032024|16|344|344|022054|70|70|2|49|754|715|N|P|SF|1|P|PA|29540|175||FRM|N|N|||00|XXXXXXXXXXXX000000000000000000000000000000000000|N|||||||403.44|||||||||||||||||||||||||N|||||7||N|||||A|N|||||||||||||||7|N|||7|||7|
|000137581448|072025|R|Other|Other||6.990|6.990|450000.00||443380.27|360|012024|032024|17|343|343|022054|70|70|2|49|754|715|N|P|SF|1|P|PA|29540|175||FRM|N|N|||00|XXXXXXXXXX00000000000000000000000000000000000000|N|||||||405.79|||||||||||||||||||||||||N|||||7||N|||||A|N|||||||||||||||7|N|||7|||7|
|000137581448|082025|R|Other|Other||6.990|6.990|450000.00||442972.12|360|012024|032024|18|342|342|022054|70|70|2|49|754|715|N|P|SF|1|P|PA|29540|175||FRM|N|N|||00|XXXXXXXX0000000000000000000000000000000000000000|N|||||||408.15|||||||||||||||||||||||||N|||||7||N|||||A|N|||||||||||||||7|N|||7|||7|
|000137581448|092025|R|Other|Other||6.990|6.990|450000.00||442561.59|360|012024|032024|19|341|341|022054|70|70|2|49|754|715|N|P|SF|1|P|PA|29540|175||FRM|N|N|||00|XXXXXX000000000000000000000000000000000000000000|N|||||||410.53|||||||||||||||||||||||||N|||||7||N|||||A|N|||||||||||||||7|N|||7|||7|
|000137581449|012024|R|Pulte Mortgage, L.L.C.|Other||5.990|5.990|527000.00||526000.00|360|122023|022024|0|360|359|012054|80|80|1|48|741||Y|P|PU|1|P|OH|18140|430||FRM|N|N|||00|XXXXXXXXXXXXXXXXXXXXXXXXXXXXXXXXXXXXXXXXXXXXXX00|N||||||||||||||||||||||||||||||||N|||||7||N|||||A|N|||||||||||||||7|N|||7|||7|
|000137581449|022024|R|Pulte Mortgage, L.L.C.|Other||5.990|5.990|527000.00||525000.00|360|122023|022024|1|359|357|012054|80|80|1|48|741||Y|P|PU|1|P|OH|18140|430||FRM|N|N|||00|XXXXXXXXXXXXXXXXXXXXXXXXXXXXXXXXXXXXXXXXXXXX0000|N|||||||1030.96|||||||||||||||||||||||||N|||||7||N|||||A|N|||||||||||||||7|N|||7|||7|
|000137581449|032024|R|Pulte Mortgage, L.L.C.|Other||5.990|5.990|527000.00||524000.00|360|122023|022024|2|358|355|012054|80|80|1|48|741||Y|P|PU|1|P|OH|18140|430||FRM|N|N|||00|XXXXXXXXXXXXXXXXXXXXXXXXXXXXXXXXXXXXXXXXXX000000|N|||||||1036.11|||||||||||||||||||||||||N|||||7||N|||||A|N|||||||||||||||7|N|||7|||7|
|000137581449|042024|R|Pulte Mortgage, L.L.C.|Other||5.990|5.990|527000.00||524000.00|360|122023|022024|3|357|354|012054|80|80|1|48|741||Y|P|PU|1|P|OH|18140|430||FRM|N|N|||00|XXXXXXXXXXXXXXXXXXXXXXXXXXXXXXXXXXXXXXXX00000000|N|||||||541.28|||||||||||||||||||||||||N|||||7||N|||||A|N|||||||||||||||7|N|||7|||7|
|000137581449|052024|R|Pulte Mortgage, L.L.C.|Other||5.990|5.990|527000.00||523000.00|360|122023|022024|4|356|353|012054|80|80|1|48|741||Y|P|PU|1|P|OH|18140|430||FRM|N|N|||00|XXXXXXXXXXXXXXXXXXXXXXXXXXXXXXXXXXXXXX0000000000|N|||||||543.98|||||||||||||||||||||||||N|||||7||N|||||A|N|||||||||||||||7|N|||7|||7|
|000137581449|062024|R|Pulte Mortgage, L.L.C.|Other||5.990|5.990|527000.00||523000.00|360|122023|022024|5|355|353|012054|80|80|1|48|741||Y|P|PU|1|P|OH|18140|430||FRM|N|N|||00|XXXXXXXXXXXXXXXXXXXXXXXXXXXXXXXXXXXX000000000000|N|||||||0.00|||||||||||||||||||||||||Y|||||7||N|||||A|N|||||||||||||||7|N|||7|||7|
|000137581449|072024|R|Pulte Mortgage, L.L.C.|Other||5.990|5.990|527000.00||522000.00|360|122023|022024|6|354|352|012054|80|80|1|48|741||Y|P|PU|1|P|OH|18140|430||FRM|N|N|||00|XXXXXXXXXXXXXXXXXXXXXXXXXXXXXXXXXX00000000000000|N|||||||546.70|||||||||||||||||||||||||N|||||7||N|||||A|N|||||||||||||||7|N|||7|||7|
|000137581449|082024|R|Pulte Mortgage, L.L.C.|Other||5.990|5.990|527000.00||521373.53|360|122023|022024|7|353|350|012054|80|80|1|48|741||Y|P|PU|1|P|OH|18140|430||FRM|N|N|||00|XXXXXXXXXXXXXXXXXXXXXXXXXXXXXXXX0000000000000000|N|||||||1101.60|||||||||||||||||||||||||N|||||7||N|||||A|N|||||||||||||||7|N|||7|||7|
|000137581449|092024|R|Pulte Mortgage, L.L.C.|Other||5.990|5.990|527000.00||520818.60|360|122023|022024|8|352|349|012054|80|80|1|48|741||Y|P|PU|1|P|OH|18140|430||FRM|N|N|||00|XXXXXXXXXXXXXXXXXXXXXXXXXXXXXX000000000000000000|N|||||||554.93|||||||||||||||||||||||||N|||||7||N|||||A|N|||||||||||||||7|N|||7|||7|
|000137581449|102024|R|Pulte Mortgage, L.L.C.|Other||5.990|5.990|527000.00||520260.90|360|122023|022024|9|351|348|012054|80|80|1|48|741||Y|P|PU|1|P|OH|18140|430||FRM|N|N|||00|XXXXXXXXXXXXXXXXXXXXXXXXXXXX00000000000000000000|N|||||||557.70|||||||||||||||||||||||||N|||||7||N|||||A|N|||||||||||||||7|N|||7|||7|
|000137581449|112024|R|Pulte Mortgage, L.L.C.|Other||5.990|5.990|527000.00||519700.42|360|122023|022024|10|350|347|012054|80|80|1|48|741||Y|P|PU|1|P|OH|18140|430||FRM|N|N|||00|XXXXXXXXXXXXXXXXXXXXXXXXXX0000000000000000000000|N|||||||560.48|||||||||||||||||||||||||N|||||7||N|||||A|N|||||||||||||||7|N|||7|||7|
|000137581449|122024|R|Pulte Mortgage, L.L.C.|Other||5.990|5.990|527000.00||519137.14|360|122023|022024|11|349|346|012054|80|80|1|48|741||Y|P|PU|1|P|OH|18140|430||FRM|N|N|||00|XXXXXXXXXXXXXXXXXXXXXXXX000000000000000000000000|N|||||||563.28|||||||||||||||||||||||||N|||||7||N|||||A|N|||||||||||||||7|N|||7|||7|
|000137581449|012025|R|Pulte Mortgage, L.L.C.|Other||5.990|5.990|527000.00||518571.05|360|122023|022024|12|348|345|012054|80|80|1|48|741||Y|P|PU|1|P|OH|18140|430||FRM|N|N|||00|XXXXXXXXXXXXXXXXXXXXXX00000000000000000000000000|N|||||||566.09|||||||||||||||||||||||||N|||||7||N|||||A|N|||||||||||||||7|N|||7|||7|
|000137581449|022025|R|Pulte Mortgage, L.L.C.|Other||5.990|5.990|527000.00||518002.13|360|122023|022024|13|347|344|012054|80|80|1|48|741||Y|P|PU|1|P|OH|18140|430||FRM|N|N|||00|XXXXXXXXXXXXXXXXXXXX0000000000000000000000000000|N|||||||568.92|||||||||||||||||||||||||N|||||7||N|||||A|N|||||||||||||||7|N|||7|||7|
|000137581449|032025|R|Pulte Mortgage, L.L.C.|Other||5.990|5.990|527000.00||517430.37|360|122023|022024|14|346|343|012054|80|80|1|48|741||Y|P|PU|1|P|OH|18140|430||FRM|N|N|||00|XXXXXXXXXXXXXXXXXX000000000000000000000000000000|N|||||||571.76|||||||||||||||||||||||||N|||||7||N|||||A|N|||||||||||||||7|N|||7|||7|
|000137581449|042025|R|Pulte Mortgage, L.L.C.|Other||5.990|5.990|527000.00||516855.76|360|122023|022024|15|345|342|012054|80|80|1|48|741||Y|P|PU|1|P|OH|18140|430||FRM|N|N|||00|XXXXXXXXXXXXXXXX00000000000000000000000000000000|N|||||||574.61|||||||||||||||||||||||||N|||||7||N|||||A|N|||||||||||||||7|N|||7|||7|
|000137581449|052025|R|Pulte Mortgage, L.L.C.|Other||5.990|5.990|527000.00||516278.28|360|122023|022024|16|344|341|012054|80|80|1|48|741||Y|P|PU|1|P|OH|18140|430||FRM|N|N|||00|XXXXXXXXXXXXXX0000000000000000000000000000000000|N|||||||577.48|||||||||||||||||||||||||N|||||7||N|||||A|N|||||||||||||||7|N|||7|||7|
|000137581449|062025|R|Pulte Mortgage, L.L.C.|Other||5.990|5.990|527000.00||515697.92|360|122023|022024|17|343|340|012054|80|80|1|48|741||Y|P|PU|1|P|OH|18140|430||FRM|N|N|||00|XXXXXXXXXXXX000000000000000000000000000000000000|N|||||||580.36|||||||||||||||||||||||||N|||||7||N|||||A|N|||||||||||||||7|N|||7|||7|
|000137581449|072025|R|Pulte Mortgage, L.L.C.|Other||5.990|5.990|527000.00||515114.66|360|122023|022024|18|342|339|012054|80|80|1|48|741||Y|P|PU|1|P|OH|18140|430||FRM|N|N|||00|XXXXXXXXXX00000000000000000000000000000000000000|N|||||||583.26|||||||||||||||||||||||||N|||||7||N|||||A|N|||||||||||||||7|N|||7|||7|
|000137581449|082025|R|Pulte Mortgage, L.L.C.|Other||5.990|5.990|527000.00||514528.49|360|122023|022024|19|341|338|012054|80|80|1|48|741||Y|P|PU|1|P|OH|18140|430||FRM|N|N|||00|XXXXXXXX0000000000000000000000000000000000000000|N|||||||586.17|||||||||||||||||||||||||N|||||7||N|||||A|N|||||||||||||||7|N|||7|||7|
|000137581449|092025|R|Pulte Mortgage, L.L.C.|Other||5.990|5.990|527000.00||513939.39|360|122023|022024|20|340|337|012054|80|80|1|48|741||Y|P|PU|1|P|OH|18140|430||FRM|N|N|||00|XXXXXX000000000000000000000000000000000000000000|N|||||||589.10|||||||||||||||||||||||||N|||||7||N|||||A|N|||||||||||||||7|N|||7|||7|
|000137581450|012024|B|CMG Mortgage, Inc|Lakeview Loan Servicing, LLC||6.250|6.250|352000.00||352000.00|360|122023|022024|0|360|360|012054|80|80|1|20|788||Y|P|SF|1|P|TN|16860|374||FRM|N|N|||00|XXXXXXXXXXXXXXXXXXXXXXXXXXXXXXXXXXXXXXXXXXXXXX00|N||||||||||||||||||||||||||||||||N|||||7||N|||||W|N|||||||||||||||7|N|||7|||7|
|000137581450|022024|B|CMG Mortgage, Inc|Lakeview Loan Servicing, LLC||6.250|6.250|352000.00||352000.00|360|122023|022024|1|359|359|012054|80|80|1|20|788||Y|P|SF|1|P|TN|16860|374||FRM|N|N|||00|XXXXXXXXXXXXXXXXXXXXXXXXXXXXXXXXXXXXXXXXXXXX0000|N|||||||333.99|||||||||||||||||||||||||N|||||7||N|||||W|N|||||||||||||||7|N|||7|||7|
|000137581450|032024|B|CMG Mortgage, Inc|Lakeview Loan Servicing, LLC||6.250|6.250|352000.00||351000.00|360|122023|022024|2|358|358|012054|80|80|1|20|788||Y|P|SF|1|P|TN|16860|374||FRM|N|N|||00|XXXXXXXXXXXXXXXXXXXXXXXXXXXXXXXXXXXXXXXXXX000000|N|||||||540.73|||||||||||||||||||||||||N|||||7||N|||||W|N|||||||||||||||7|N|||7|||7|
|000137581450|042024|B|CMG Mortgage, Inc|Lakeview Loan Servicing, LLC||6.250|6.250|352000.00||351000.00|360|122023|022024|3|357|356|012054|80|80|1|20|788||Y|P|SF|1|P|TN|16860|374||FRM|N|N|||00|XXXXXXXXXXXXXXXXXXXXXXXXXXXXXXXXXXXXXXXX00000000|N|||||||543.54|||||||||||||||||||||||||N|||||7||N|||||W|N|||||||||||||||7|N|||7|||7|
|000137581450|052024|B|CMG Mortgage, Inc|Lakeview Loan Servicing, LLC||6.250|6.250|352000.00||350000.00|360|122023|022024|4|356|355|012054|80|80|1|20|788||Y|P|SF|1|P|TN|16860|374||FRM|N|N|||00|XXXXXXXXXXXXXXXXXXXXXXXXXXXXXXXXXXXXXX0000000000|N|||||||546.37|||||||||||||||||||||||||N|||||7||N|||||W|N|||||||||||||||7|N|||7|||7|
|000137581450|062024|B|CMG Mortgage, Inc|Lakeview Loan Servicing, LLC||6.250|6.250|352000.00||349000.00|360|122023|022024|5|355|353|012054|80|80|1|20|788||Y|P|SF|1|P|TN|16860|374||FRM|N|N|||00|XXXXXXXXXXXXXXXXXXXXXXXXXXXXXXXXXXXX000000000000|N|||||||549.22|||||||||||||||||||||||||N|||||7||N|||||W|N|||||||||||||||7|N|||7|||7|
|000137581450|072024|B|CMG Mortgage, Inc|Lakeview Loan Servicing, LLC||6.250|6.250|352000.00||349000.00|360|122023|022024|6|354|352|012054|80|80|1|20|788||Y|P|SF|1|P|TN|16860|374||FRM|N|N|||00|XXXXXXXXXXXXXXXXXXXXXXXXXXXXXXXXXX00000000000000|N|||||||552.08|||||||||||||||||||||||||N|||||7||N|||||W|N|||||||||||||||7|N|||7|||7|
|000137581450|082024|B|CMG Mortgage, Inc|Lakeview Loan Servicing, LLC||6.250|6.250|352000.00||348379.11|360|122023|022024|7|353|350|012054|80|80|1|20|788||Y|P|SF|1|P|TN|16860|374||FRM|N|N|||00|XXXXXXXXXXXXXXXXXXXXXXXXXXXXXXXX0000000000000000|N|||||||554.96|||||||||||||||||||||||||N|||||7||N|||||W|N|||||||||||||||7|N|||7|||7|
|000137581450|092024|B|CMG Mortgage, Inc|Lakeview Loan Servicing, LLC||6.250|6.250|352000.00||347796.26|360|122023|022024|8|352|348|012054|80|80|1|20|788||Y|P|SF|1|P|TN|16860|374||FRM|N|N|||00|XXXXXXXXXXXXXXXXXXXXXXXXXXXXXX000000000000000000|N|||||||582.85|||||||||||||||||||||||||N|||||7||N|||||W|N|||||||||||||||7|N|||7|||7|
|000137581450|102024|B|CMG Mortgage, Inc|Lakeview Loan Servicing, LLC||6.250|6.250|352000.00||347210.38|360|122023|022024|9|351|347|012054|80|80|1|20|788||Y|P|SF|1|P|TN|16860|374||FRM|N|N|||00|XXXXXXXXXXXXXXXXXXXXXXXXXXXX00000000000000000000|N|||||||585.88|||||||||||||||||||||||||N|||||7||N|||||W|N|||||||||||||||7|N|||7|||7|
|000137581450|112024|B|CMG Mortgage, Inc|Lakeview Loan Servicing, LLC||6.250|6.250|352000.00||346621.45|360|122023|022024|10|350|345|012054|80|80|1|20|788||Y|P|SF|1|P|TN|16860|374||FRM|N|N|||00|XXXXXXXXXXXXXXXXXXXXXXXXXX0000000000000000000000|N|||||||588.93|||||||||||||||||||||||||N|||||7||N|||||W|N|||||||||||||||7|N|||7|||7|
|000137581450|122024|B|CMG Mortgage, Inc|Lakeview Loan Servicing, LLC||6.250|6.250|352000.00||346029.45|360|122023|022024|11|349|343|012054|80|80|1|20|788||Y|P|SF|1|P|TN|16860|374||FRM|N|N|||00|XXXXXXXXXXXXXXXXXXXXXXXX000000000000000000000000|N|||||||592.00|||||||||||||||||||||||||N|||||7||N|||||W|N|||||||||||||||7|N|||7|||7|
|000137581450|012025|B|CMG Mortgage, Inc|Lakeview Loan Servicing, LLC||6.250|6.250|352000.00||345434.37|360|122023|022024|12|348|342|012054|80|80|1|20|788||Y|P|SF|1|P|TN|16860|374||FRM|N|N|||00|XXXXXXXXXXXXXXXXXXXXXX00000000000000000000000000|N|||||||595.08|||||||||||||||||||||||||N|||||7||N|||||W|N|||||||||||||||7|N|||7|||7|
|000137581450|022025|B|CMG Mortgage, Inc|Lakeview Loan Servicing, LLC||6.250|6.250|352000.00||344836.19|360|122023|022024|13|347|340|012054|80|80|1|20|788||Y|P|SF|1|P|TN|16860|374||FRM|N|N|||00|XXXXXXXXXXXXXXXXXXXX0000000000000000000000000000|N|||||||598.18|||||||||||||||||||||||||N|||||7||N|||||W|N|||||||||||||||7|N|||7|||7|
|000137581450|032025|B|CMG Mortgage, Inc|Lakeview Loan Servicing, LLC||6.250|6.250|352000.00||344234.89|360|122023|022024|14|346|338|012054|80|80|1|20|788||Y|P|SF|1|P|TN|16860|374||FRM|N|N|||00|XXXXXXXXXXXXXXXXXX000000000000000000000000000000|N|||||||601.30|||||||||||||||||||||||||N|||||7||N|||||W|N|||||||||||||||7|N|||7|||7|
|000137581450|042025|B|CMG Mortgage, Inc|Lakeview Loan Servicing, LLC||6.250|6.250|352000.00||343630.46|360|122023|022024|15|345|337|012054|80|80|1|20|788||Y|P|SF|1|P|TN|16860|374||FRM|N|N|||00|XXXXXXXXXXXXXXXX00000000000000000000000000000000|N|||||||604.43|||||||||||||||||||||||||N|||||7||N|||||W|N|||||||||||||||7|N|||7|||7|
|000137581450|052025|B|CMG Mortgage, Inc|Lakeview Loan Servicing, LLC||6.250|6.250|352000.00||343022.88|360|122023|022024|16|344|335|012054|80|80|1|20|788||Y|P|SF|1|P|TN|16860|374||FRM|N|N|||00|XXXXXXXXXXXXXX0000000000000000000000000000000000|N|||||||607.58|||||||||||||||||||||||||N|||||7||N|||||W|N|||||||||||||||7|N|||7|||7|
|000137581450|062025|B|CMG Mortgage, Inc|Lakeview Loan Servicing, LLC||6.250|6.250|352000.00||342412.14|360|122023|022024|17|343|334|012054|80|80|1|20|788||Y|P|SF|1|P|TN|16860|374||FRM|N|N|||00|XXXXXXXXXXXX000000000000000000000000000000000000|N|||||||610.74|||||||||||||||||||||||||N|||||7||N|||||W|N|||||||||||||||7|N|||7|||7|
|000137581450|072025|B|CMG Mortgage, Inc|Lakeview Loan Servicing, LLC||6.250|6.250|352000.00||341798.22|360|122023|022024|18|342|332|012054|80|80|1|20|788||Y|P|SF|1|P|TN|16860|374||FRM|N|N|||00|XXXXXXXXXX00000000000000000000000000000000000000|N|||||||613.92|||||||||||||||||||||||||N|||||7||N|||||W|N|||||||||||||||7|N|||7|||7|
|000137581450|082025|B|CMG Mortgage, Inc|Lakeview Loan Servicing, LLC||6.250|6.250|352000.00||341181.10|360|122023|022024|19|341|330|012054|80|80|1|20|788||Y|P|SF|1|P|TN|16860|374||FRM|N|N|||00|XXXXXXXX0000000000000000000000000000000000000000|N|||||||617.12|||||||||||||||||||||||||N|||||7||N|||||W|N|||||||||||||||7|N|||7|||7|
|000137581450|092025|B|CMG Mortgage, Inc|Lakeview Loan Servicing, LLC||6.250|6.250|352000.00||340560.76|360|122023|022024|20|340|329|012054|80|80|1|20|788||Y|P|SF|1|P|TN|16860|374||FRM|N|N|||00|XXXXXX000000000000000000000000000000000000000000|N|||||||620.34|||||||||||||||||||||||||N|||||7||N|||||W|N|||||||||||||||7|N|||7|||7|
|000137581451|012024|C|CitiMortgage, Inc.|CitiMortgage, Inc.||7.375|7.375|513000.00||513000.00|360|112023|012024|1|359|359|122053|95|95|3|46|813|800|Y|P|SF|1|P|CA|31080|902|30.00|FRM|N|N|||00|XXXXXXXXXXXXXXXXXXXXXXXXXXXXXXXXXXXXXXXXXXXXXX00|N|||||||||||||||||||||||||||||||1|N|||||7||N|||||A|N|||||||||||||||7|N|||7|||7|
|000137581451|022024|C|CitiMortgage, Inc.|CitiMortgage, Inc.||7.375|7.375|513000.00||512000.00|360|112023|012024|2|358|358|122053|95|95|3|46|813|800|Y|P|SF|1|P|CA|31080|902|30.00|FRM|N|N|||00|XXXXXXXXXXXXXXXXXXXXXXXXXXXXXXXXXXXXXXXXXXXX0000|N|||||||392.75||||||||||||||||||||||||1|N|||||7||N|||||A|N|||||||||||||||7|N|||7|||7|
|000137581451|032024|C|CitiMortgage, Inc.|CitiMortgage, Inc.||7.375|7.375|513000.00||512000.00|360|112023|012024|3|357|357|122053|95|95|3|46|813|800|Y|P|SF|1|P|CA|31080|902|30.00|FRM|N|N|||00|XXXXXXXXXXXXXXXXXXXXXXXXXXXXXXXXXXXXXXXXXX000000|N|||||||395.16||||||||||||||||||||||||1|N|||||7||N|||||A|N|||||||||||||||7|N|||7|||7|
|000137581451|042024|C|CitiMortgage, Inc.|CitiMortgage, Inc.||7.375|7.375|513000.00||511000.00|360|112023|012024|4|356|356|122053|95|95|3|46|813|800|Y|P|SF|1|P|CA|31080|902|30.00|FRM|N|N|||00|XXXXXXXXXXXXXXXXXXXXXXXXXXXXXXXXXXXXXXXX00000000|N|||||||397.59||||||||||||||||||||||||1|N|||||7||N|||||A|N|||||||||||||||7|N|||7|||7|
|000137581451|052024|C|CitiMortgage, Inc.|CitiMortgage, Inc.||7.375|7.375|513000.00||511000.00|360|112023|012024|5|355|355|122053|95|95|3|46|813|800|Y|P|SF|1|P|CA|31080|902|30.00|FRM|N|N|||00|XXXXXXXXXXXXXXXXXXXXXXXXXXXXXXXXXXXXXX0000000000|N|||||||425.03||||||||||||||||||||||||1|N|||||7||N|||||A|N|||||||||||||||7|N|||7|||7|
|000137581451|062024|C|CitiMortgage, Inc.|CitiMortgage, Inc.||7.375|7.375|513000.00||511000.00|360|112023|012024|6|354|354|122053|95|95|3|46|813|800|Y|P|SF|1|P|CA|31080|902|30.00|FRM|N|N|||00|XXXXXXXXXXXXXXXXXXXXXXXXXXXXXXXXXXXX000000000000|N|||||||452.64||||||||||||||||||||||||1|N|||||7||N|||||A|N|||||||||||||||7|N|||7|||7|
|000137581451|072024|C|CitiMortgage, Inc.|CitiMortgage, Inc.||7.375|7.375|513000.00||510091.05|360|112023|012024|7|353|353|122053|95|95|3|46|813|800|Y|P|SF|1|P|CA|31080|902|30.00|FRM|N|N|||00|XXXXXXXXXXXXXXXXXXXXXXXXXXXXXXXXXX00000000000000|N|||||||455.43||||||||||||||||||||||||1|N|||||7||N|||||A|N|||||||||||||||7|N|||7|||7|
|000137581451|082024|C|CitiMortgage, Inc.|CitiMortgage, Inc.||7.375|7.375|513000.00||509682.82|360|112023|012024|8|352|352|122053|95|95|3|46|813|800|Y|P|SF|1|P|CA|31080|902|30.00|FRM|N|N|||00|XXXXXXXXXXXXXXXXXXXXXXXXXXXXXXXX0000000000000000|N|||||||408.23||||||||||||||||||||||||1|N|||||7||N|||||A|N|||||||||||||||7|N|||7|||7|
|000137581451|092024|C|CitiMortgage, Inc.|CitiMortgage, Inc.||7.375|7.375|513000.00||509272.09|360|112023|012024|9|351|351|122053|95|95|3|46|813|800|Y|P|SF|1|P|CA|31080|902|30.00|FRM|N|N|||00|XXXXXXXXXXXXXXXXXXXXXXXXXXXXXX000000000000000000|N|||||||410.73||||||||||||||||||||||||1|N|||||7||N|||||A|N|||||||||||||||7|N|||7|||7|
|000137581451|102024|C|CitiMortgage, Inc.|CitiMortgage, Inc.||7.375|7.375|513000.00||508858.83|360|112023|012024|10|350|350|122053|95|95|3|46|813|800|Y|P|SF|1|P|CA|31080|902|30.00|FRM|N|N|||00|XXXXXXXXXXXXXXXXXXXXXXXXXXXX00000000000000000000|N|||||||413.26||||||||||||||||||||||||1|N|||||7||N|||||A|N|||||||||||||||7|N|||7|||7|
|000137581451|112024|C|CitiMortgage, Inc.|CitiMortgage, Inc.||7.375|7.375|513000.00||508443.03|360|112023|012024|11|349|349|122053|95|95|3|46|813|800|Y|P|SF|1|P|CA|31080|902|30.00|FRM|N|N|||00|XXXXXXXXXXXXXXXXXXXXXXXXXX0000000000000000000000|N|||||||415.80||||||||||||||||||||||||1|N|||||7||N|||||A|N|||||||||||||||7|N|||7|||7|
|000137581451|122024|C|CitiMortgage, Inc.|CitiMortgage, Inc.||7.375|7.375|513000.00||508024.68|360|112023|012024|12|348|348|122053|95|95|3|46|813|800|Y|P|SF|1|P|CA|31080|902|30.00|FRM|N|N|||00|XXXXXXXXXXXXXXXXXXXXXXXX000000000000000000000000|N|||||||418.35||||||||||||||||||||||||1|N|||||7||N|||||A|N|||||||||||||||7|N|||7|||7|
|000137581451|012025|C|CitiMortgage, Inc.|CitiMortgage, Inc.||7.375|7.375|513000.00||507603.75|360|112023|012024|13|347|347|122053|95|95|3|46|813|800|Y|P|SF|1|P|CA|31080|902|30.00|FRM|N|N|||00|XXXXXXXXXXXXXXXXXXXXXX00000000000000000000000000|N|||||||420.93||||||||||||||||||||||||1|N|||||7||N|||||A|N|||||||||||||||7|N|||7|||7|
|000137581451|022025|C|CitiMortgage, Inc.|CitiMortgage, Inc.||7.375|7.375|513000.00||507180.24|360|112023|012024|14|346|346|122053|95|95|3|46|813|800|Y|P|SF|1|P|CA|31080|902|30.00|FRM|N|N|||00|XXXXXXXXXXXXXXXXXXXX0000000000000000000000000000|N|||||||423.51||||||||||||||||||||||||1|N|||||7||N|||||A|N|||||||||||||||7|N|||7|||7|
|000137581451|032025|C|CitiMortgage, Inc.|CitiMortgage, Inc.||7.375|7.375|513000.00||506754.13|360|112023|012024|15|345|345|122053|95|95|3|46|813|800|Y|P|SF|1|P|CA|31080|902|30.00|FRM|N|N|||00|XXXXXXXXXXXXXXXXXX000000000000000000000000000000|N|||||||426.11||||||||||||||||||||||||1|N|||||7||N|||||A|N|||||||||||||||7|N|||7|||7|
|000137581451|042025|C|CitiMortgage, Inc.|CitiMortgage, Inc.||7.375|7.375|513000.00||506325.40|360|112023|012024|16|344|344|122053|95|95|3|46|813|800|Y|P|SF|1|P|CA|31080|902|30.00|FRM|N|N|||00|XXXXXXXXXXXXXXXX00000000000000000000000000000000|N|||||||428.73||||||||||||||||||||||||1|N|||||7||N|||||A|N|||||||||||||||7|N|||7|||7|
|000137581451|052025|C|CitiMortgage, Inc.|CitiMortgage, Inc.||7.375|7.375|513000.00||505894.03|360|112023|012024|17|343|343|122053|95|95|3|46|813|800|Y|P|SF|1|P|CA|31080|902|30.00|FRM|N|N|||00|XXXXXXXXXXXXXX0000000000000000000000000000000000|N|||||||431.37||||||||||||||||||||||||1|N|||||7||N|||||A|N|||||||||||||||7|N|||7|||7|
|000137581451|062025|C|CitiMortgage, Inc.|CitiMortgage, Inc.||7.375|7.375|513000.00||505460.01|360|112023|012024|18|342|342|122053|95|95|3|46|813|800|Y|P|SF|1|P|CA|31080|902|30.00|FRM|N|N|||00|XXXXXXXXXXXX000000000000000000000000000000000000|N|||||||434.02||||||||||||||||||||||||1|N|||||7||N|||||A|N|||||||||||||||7|N|||7|||7|
|000137581451|072025|C|CitiMortgage, Inc.|CitiMortgage, Inc.||7.375|7.375|513000.00||505023.32|360|112023|012024|19|341|341|122053|95|95|3|46|813|800|Y|P|SF|1|P|CA|31080|902|30.00|FRM|N|N|||00|XXXXXXXXXX00000000000000000000000000000000000000|N|||||||436.69||||||||||||||||||||||||1|N|||||7||N|||||A|N|||||||||||||||7|N|||7|||7|
|000137581451|082025|C|CitiMortgage, Inc.|CitiMortgage, Inc.||7.375|7.375|513000.00||504583.95|360|112023|012024|20|340|340|122053|95|95|3|46|813|800|Y|P|SF|1|P|CA|31080|902|30.00|FRM|N|N|||00|XXXXXXXX0000000000000000000000000000000000000000|N|||||||439.37||||||||||||||||||||||||1|N|||||7||N|||||A|N|||||||||||||||7|N|||7|||7|
|000137581451|092025|C|CitiMortgage, Inc.|||7.375||513000.00||0.00|360|112023|012024|||||95|95|3|46|813|800|Y|P|SF|1|P|CA|31080|902|30.00|FRM|N|N|||00||||01|092025|504583.95|||504583.95||||||||||||||||||||||||1||||||7||N|||||A|N|||||||||||||||7|N||N|7|||7|
|000137581452|012024|R|Other|Other||6.500|6.500|156000.00||156000.00|360|012024|032024|-1|361|360|022054|95|95|1|31|786||N|P|SF|1|P|MI|19820|481|30.00|FRM|N|N|||00|XXXXXXXXXXXXXXXXXXXXXXXXXXXXXXXXXXXXXXXXXXXXXX00|N|||||||||||||||||||||||||||||||1|N|||||7||N|||||A|N|||||||||||||||7|N|||7|||7|
|000137581452|022024|R|Other|Other||6.500|6.500|156000.00||156000.00|360|012024|032024|0|360|360|022054|95|95|1|31|786||N|P|SF|1|P|MI|19820|481|30.00|FRM|N|N|||00|XXXXXXXXXXXXXXXXXXXXXXXXXXXXXXXXXXXXXXXXXXXX0000|N|||||||0.00||||||||||||||||||||||||1|N|||||7||N|||||A|N|||||||||||||||7|N|||7|||7|
|000137581452|032024|R|Other|Other||6.500|6.500|156000.00||156000.00|360|012024|032024|1|359|359|022054|95|95|1|31|786||N|P|SF|1|P|MI|19820|481|30.00|FRM|N|N|||00|XXXXXXXXXXXXXXXXXXXXXXXXXXXXXXXXXXXXXXXXXX000000|N|||||||140.80||||||||||||||||||||||||1|N|||||7||N|||||A|N|||||||||||||||7|N|||7|||7|
|000137581452|042024|R|Other|Other||6.500|6.500|156000.00||155000.00|360|012024|032024|2|358|358|022054|95|95|1|31|786||N|P|SF|1|P|MI|19820|481|30.00|FRM|N|N|||00|XXXXXXXXXXXXXXXXXXXXXXXXXXXXXXXXXXXXXXXX00000000|N|||||||141.57||||||||||||||||||||||||1|N|||||7||N|||||A|N|||||||||||||||7|N|||7|||7|
|000137581452|052024|R|Other|Other||6.500|6.500|156000.00||155000.00|360|012024|032024|3|357|357|022054|95|95|1|31|786||N|P|SF|1|P|MI|19820|481|30.00|FRM|N|N|||00|XXXXXXXXXXXXXXXXXXXXXXXXXXXXXXXXXXXXXX0000000000|N|||||||142.33||||||||||||||||||||||||1|N|||||7||N|||||A|N|||||||||||||||7|N|||7|||7|
|000137581452|062024|R|Other|Other||6.500|6.500|156000.00||155000.00|360|012024|032024|4|356|356|022054|95|95|1|31|786||N|P|SF|1|P|MI|19820|481|30.00|FRM|N|N|||00|XXXXXXXXXXXXXXXXXXXXXXXXXXXXXXXXXXXX000000000000|N|||||||143.10||||||||||||||||||||||||1|N|||||7||N|||||A|N|||||||||||||||7|N|||7|||7|
|000137581452|072024|R|Other|Other||6.500|6.500|156000.00||155000.00|360|012024|032024|5|355|355|022054|95|95|1|31|786||N|P|SF|1|P|MI|19820|481|30.00|FRM|N|N|||00|XXXXXXXXXXXXXXXXXXXXXXXXXXXXXXXXXX00000000000000|N|||||||143.88||||||||||||||||||||||||1|N|||||7||N|||||A|N|||||||||||||||7|N|||7|||7|
|000137581452|082024|R|Other|Other||6.500|6.500|156000.00||155000.00|360|012024|032024|6|354|354|022054|95|95|1|31|786||N|P|SF|1|P|MI|19820|481|30.00|FRM|N|N|||00|XXXXXXXXXXXXXXXXXXXXXXXXXXXXXXXX0000000000000000|N|||||||144.66||||||||||||||||||||||||1|N|||||7||N|||||A|N|||||||||||||||7|N|||7|||7|
|000137581452|092024|R|Other|Other||6.500|6.500|156000.00||154748.22|360|012024|032024|7|353|353|022054|95|95|1|31|786||N|P|SF|1|P|MI|19820|481|30.00|FRM|N|N|||00|XXXXXXXXXXXXXXXXXXXXXXXXXXXXXX000000000000000000|N|||||||145.44||||||||||||||||||||||||1|N|||||7||N|||||A|N|||||||||||||||7|N|||7|||7|
|000137581452|102024|R|Other|Other||6.500|6.500|156000.00||154601.99|360|012024|032024|8|352|352|022054|95|95|1|31|786||N|P|SF|1|P|MI|19820|481|30.00|FRM|N|N|||00|XXXXXXXXXXXXXXXXXXXXXXXXXXXX00000000000000000000|N|||||||146.23||||||||||||||||||||||||1|N|||||7||N|||||A|N|||||||||||||||7|N|||7|||7|
|000137581452|112024|R|Other|Other||6.500|6.500|156000.00||154454.97|360|012024|032024|9|351|351|022054|95|95|1|31|786||N|P|SF|1|P|MI|19820|481|30.00|FRM|N|N|||00|XXXXXXXXXXXXXXXXXXXXXXXXXX0000000000000000000000|N|||||||147.02||||||||||||||||||||||||1|N|||||7||N|||||A|N|||||||||||||||7|N|||7|||7|
|000137581452|122024|R|Other|Other||6.500|6.500|156000.00||154307.15|360|012024|032024|10|350|350|022054|95|95|1|31|786||N|P|SF|1|P|MI|19820|481|30.00|FRM|N|N|||00|XXXXXXXXXXXXXXXXXXXXXXXX000000000000000000000000|N|||||||147.82||||||||||||||||||||||||1|N|||||7||N|||||A|N|||||||||||||||7|N|||7|||7|
|000137581452|012025|R|Other|Other||6.500|6.500|156000.00||154158.53|360|012024|032024|11|349|349|022054|95|95|1|31|786||N|P|SF|1|P|MI|19820|481|30.00|FRM|N|N|||00|XXXXXXXXXXXXXXXXXXXXXX00000000000000000000000000|N|||||||148.62||||||||||||||||||||||||1|N|||||7||N|||||A|N|||||||||||||||7|N|||7|||7|
|000137581452|022025|R|Other|Other||6.500|6.500|156000.00||154009.11|360|012024|032024|12|348|348|022054|95|95|1|31|786||N|P|SF|1|P|MI|19820|481|30.00|FRM|N|N|||00|XXXXXXXXXXXXXXXXXXXX0000000000000000000000000000|N|||||||149.42||||||||||||||||||||||||1|N|||||7||N|||||A|N|||||||||||||||7|N|||7|||7|
|000137581452|032025|R|Other|Other||6.500|6.500|156000.00||153858.88|360|012024|032024|13|347|347|022054|95|95|1|31|786||N|P|SF|1|P|MI|19820|481|30.00|FRM|N|N|||00|XXXXXXXXXXXXXXXXXX000000000000000000000000000000|N|||||||150.23||||||||||||||||||||||||1|N|||||7||N|||||A|N|||||||||||||||7|N|||7|||7|
|000137581452|042025|R|Other|Other||6.500|6.500|156000.00||153707.83|360|012024|032024|14|346|346|022054|95|95|1|31|786||N|P|SF|1|P|MI|19820|481|30.00|FRM|N|N|||00|XXXXXXXXXXXXXXXX00000000000000000000000000000000|N|||||||151.05||||||||||||||||||||||||1|N|||||7||N|||||A|N|||||||||||||||7|N|||7|||7|
|000137581452|052025|R|Other|Other||6.500|6.500|156000.00||153555.96|360|012024|032024|15|345|345|022054|95|95|1|31|786||N|P|SF|1|P|MI|19820|481|30.00|FRM|N|N|||00|XXXXXXXXXXXXXX0000000000000000000000000000000000|N|||||||151.87||||||||||||||||||||||||1|N|||||7||N|||||A|N|||||||||||||||7|N|||7|||7|
|000137581452|062025|R|Other|Other||6.500|6.500|156000.00||153403.27|360|012024|032024|16|344|344|022054|95|95|1|31|786||N|P|SF|1|P|MI|19820|481|30.00|FRM|N|N|||00|XXXXXXXXXXXX000000000000000000000000000000000000|N|||||||152.69||||||||||||||||||||||||1|N|||||7||N|||||A|N|||||||||||||||7|N|||7|||7|
|000137581452|072025|R|Other|Other||6.500|6.500|156000.00||153249.75|360|012024|032024|17|343|343|022054|95|95|1|31|786||N|P|SF|1|P|MI|19820|481|30.00|FRM|N|N|||00|XXXXXXXXXX00000000000000000000000000000000000000|N|||||||153.52||||||||||||||||||||||||1|N|||||7||N|||||A|N|||||||||||||||7|N|||7|||7|
|000137581452|082025|R|Other|Other||6.500|6.500|156000.00||153095.40|360|012024|032024|18|342|342|022054|95|95|1|31|786||N|P|SF|1|P|MI|19820|481|30.00|FRM|N|N|||00|XXXXXXXX0000000000000000000000000000000000000000|N|||||||154.35||||||||||||||||||||||||1|N|||||7||N|||||A|N|||||||||||||||7|N|||7|||7|
|000137581452|092025|R|Other|Other||6.500|6.500|156000.00||152940.22|360|012024|032024|19|341|341|022054|95|95|1|31|786||N|P|SF|1|P|MI|19820|481|30.00|FRM|N|N|||00|XXXXXX000000000000000000000000000000000000000000|N|||||||155.18||||||||||||||||||||||||1|N|||||7||N|||||A|N|||||||||||||||7|N|||7|||7|
|000137581453|012024|R|Other|Nationstar Mortgage LLC||7.125|7.125|250000.00||250000.00|360|122023|022024|0|360|360|012054|41|41|1|45|799||N|R|SF|1|I|NJ|35620|079||FRM|N|N|||00|XXXXXXXXXXXXXXXXXXXXXXXXXXXXXXXXXXXXXXXXXXXXXX00|N||||||||||||||||||||||||||||||||N|||||7||N|||||A|N|||||||||||||||7|N|||7|||7|
|000137581453|022024|R|Other|Nationstar Mortgage LLC||7.125|7.125|250000.00||250000.00|360|122023|022024|1|359|359|012054|41|41|1|45|799||N|R|SF|1|I|NJ|35620|079||FRM|N|N|||00|XXXXXXXXXXXXXXXXXXXXXXXXXXXXXXXXXXXXXXXXXXXX0000|N|||||||199.92|||||||||||||||||||||||||N|||||7||N|||||A|N|||||||||||||||7|N|||7|||7|
|000137581453|032024|R|Other|Nationstar Mortgage LLC||7.125|7.125|250000.00||250000.00|360|122023|022024|2|358|358|012054|41|41|1|45|799||N|R|SF|1|I|NJ|35620|079||FRM|N|N|||00|XXXXXXXXXXXXXXXXXXXXXXXXXXXXXXXXXXXXXXXXXX000000|N|||||||201.11|||||||||||||||||||||||||N|||||7||N|||||A|N|||||||||||||||7|N|||7|||7|
|000137581453|042024|R|Other|Nationstar Mortgage LLC||7.125|7.125|250000.00||249000.00|360|122023|022024|3|357|357|012054|41|41|1|45|799||N|R|SF|1|I|NJ|35620|079||FRM|N|N|||00|XXXXXXXXXXXXXXXXXXXXXXXXXXXXXXXXXXXXXXXX00000000|N|||||||202.31|||||||||||||||||||||||||N|||||7||N|||||A|N|||||||||||||||7|N|||7|||7|
|000137581453|052024|R|Other|Nationstar Mortgage LLC||7.125|7.125|250000.00||249000.00|360|122023|022024|4|356|356|012054|41|41|1|45|799||N|R|SF|1|I|NJ|35620|079||FRM|N|N|||00|XXXXXXXXXXXXXXXXXXXXXXXXXXXXXXXXXXXXXX0000000000|N|||||||203.51|||||||||||||||||||||||||N|||||7||N|||||A|N|||||||||||||||7|N|||7|||7|
|000137581453|062024|R|Other|Nationstar Mortgage LLC||7.125|7.125|250000.00||249000.00|360|122023|022024|5|355|355|012054|41|41|1|45|799||N|R|SF|1|I|NJ|35620|079||FRM|N|N|||00|XXXXXXXXXXXXXXXXXXXXXXXXXXXXXXXXXXXX000000000000|N|||||||204.72|||||||||||||||||||||||||N|||||7||N|||||A|N|||||||||||||||7|N|||7|||7|
|000137581453|072024|R|Other|Nationstar Mortgage LLC||7.125|7.125|250000.00||249000.00|360|122023|022024|6|354|354|012054|41|41|1|45|799||N|R|SF|1|I|NJ|35620|079||FRM|N|N|||00|XXXXXXXXXXXXXXXXXXXXXXXXXXXXXXXXXX00000000000000|N|||||||205.93|||||||||||||||||||||||||N|||||7||N|||||A|N|||||||||||||||7|N|||7|||7|
|000137581453|082024|R|Other|Nationstar Mortgage LLC||7.125|7.125|250000.00||248575.35|360|122023|022024|7|353|353|012054|41|41|1|45|799||N|R|SF|1|I|NJ|35620|079||FRM|N|N|||00|XXXXXXXXXXXXXXXXXXXXXXXXXXXXXXXX0000000000000000|N|||||||207.15|||||||||||||||||||||||||N|||||7||N|||||A|N|||||||||||||||7|N|||7|||7|
|000137581453|092024|R|Other|Nationstar Mortgage LLC||7.125|7.125|250000.00||248366.97|360|122023|022024|8|352|352|012054|41|41|1|45|799||N|R|SF|1|I|NJ|35620|079||FRM|N|N|||00|XXXXXXXXXXXXXXXXXXXXXXXXXXXXXX000000000000000000|N|||||||208.38|||||||||||||||||||||||||N|||||7||N|||||A|N|||||||||||||||7|N|||7|||7|
|000137581453|102024|R|Other|Nationstar Mortgage LLC||7.125|7.125|250000.00||248157.35|360|122023|022024|9|351|351|012054|41|41|1|45|799||N|R|SF|1|I|NJ|35620|079||FRM|N|N|||00|XXXXXXXXXXXXXXXXXXXXXXXXXXXX00000000000000000000|N|||||||209.62|||||||||||||||||||||||||N|||||7||N|||||A|N|||||||||||||||7|N|||7|||7|
|000137581453|112024|R|Other|Nationstar Mortgage LLC||7.125|7.125|250000.00||247946.48|360|122023|022024|10|350|350|012054|41|41|1|45|799||N|R|SF|1|I|NJ|35620|079||FRM|N|N|||00|XXXXXXXXXXXXXXXXXXXXXXXXXX0000000000000000000000|N|||||||210.87|||||||||||||||||||||||||N|||||7||N|||||A|N|||||||||||||||7|N|||7|||7|
|000137581453|122024|R|Other|Nationstar Mortgage LLC||7.125|7.125|250000.00||247734.36|360|122023|022024|11|349|349|012054|41|41|1|45|799||N|R|SF|1|I|NJ|35620|079||FRM|N|N|||00|XXXXXXXXXXXXXXXXXXXXXXXX000000000000000000000000|N|||||||212.12|||||||||||||||||||||||||N|||||7||N|||||A|N|||||||||||||||7|N|||7|||7|
|000137581453|012025|R|Other|Nationstar Mortgage LLC||7.125|7.125|250000.00||247520.98|360|122023|022024|12|348|348|012054|41|41|1|45|799||N|R|SF|1|I|NJ|35620|079||FRM|N|N|||00|XXXXXXXXXXXXXXXXXXXXXX00000000000000000000000000|N|||||||213.38|||||||||||||||||||||||||N|||||7||N|||||A|N|||||||||||||||7|N|||7|||7|
|000137581453|022025|R|Other|Nationstar Mortgage LLC||7.125|7.125|250000.00||247306.34|360|122023|022024|13|347|347|012054|41|41|1|45|799||N|R|SF|1|I|NJ|35620|079||FRM|N|N|||00|XXXXXXXXXXXXXXXXXXXX0000000000000000000000000000|N|||||||214.64|||||||||||||||||||||||||N|||||7||N|||||A|N|||||||||||||||7|N|||7|||7|
|000137581453|032025|R|Other|Nationstar Mortgage LLC||7.125|7.125|250000.00||247090.42|360|122023|022024|14|346|346|012054|41|41|1|45|799||N|R|SF|1|I|NJ|35620|079||FRM|N|N|||00|XXXXXXXXXXXXXXXXXX000000000000000000000000000000|N|||||||215.92|||||||||||||||||||||||||N|||||7||N|||||A|N|||||||||||||||7|N|||7|||7|
|000137581453|042025|R|Other|Nationstar Mortgage LLC||7.125|7.125|250000.00||246873.22|360|122023|022024|15|345|345|012054|41|41|1|45|799||N|R|SF|1|I|NJ|35620|079||FRM|N|N|||00|XXXXXXXXXXXXXXXX00000000000000000000000000000000|N|||||||217.20|||||||||||||||||||||||||N|||||7||N|||||A|N|||||||||||||||7|N|||7|||7|
|000137581453|052025|R|Other|Nationstar Mortgage LLC||7.125|7.125|250000.00||246654.73|360|122023|022024|16|344|344|012054|41|41|1|45|799||N|R|SF|1|I|NJ|35620|079||FRM|N|N|||00|XXXXXXXXXXXXXX0000000000000000000000000000000000|N|||||||218.49|||||||||||||||||||||||||N|||||7||N|||||A|N|||||||||||||||7|N|||7|||7|
|000137581453|062025|R|Other|CrossCountry Mortgage, LLC||7.125|7.125|250000.00||246434.94|360|122023|022024|17|343|343|012054|41|41|1|45|799||N|R|SF|1|I|NJ|35620|079||FRM|N|N|||00|XXXXXXXXXXXX000000000000000000000000000000000000|N|||||||219.79|||||||||||||||||||||||||Y|||||7||N|||||A|N|||||||||||||||7|N|||7|||7|
|000137581453|072025|R|Other|CrossCountry Mortgage, LLC||7.125|7.125|250000.00||246213.85|360|122023|022024|18|342|342|012054|41|41|1|45|799||N|R|SF|1|I|NJ|35620|079||FRM|N|N|||00|XXXXXXXXXX00000000000000000000000000000000000000|N|||||||221.09|||||||||||||||||||||||||N|||||7||N|||||A|N|||||||||||||||7|N|||7|||7|
|000137581453|082025|R|Other|CrossCountry Mortgage, LLC||7.125|7.125|250000.00||245991.44|360|122023|022024|19|341|341|012054|41|41|1|45|799||N|R|SF|1|I|NJ|35620|079||FRM|N|N|||00|XXXXXXXX0000000000000000000000000000000000000000|N|||||||222.41|||||||||||||||||||||||||N|||||7||N|||||A|N|||||||||||||||7|N|||7|||7|
|000137581453|092025|R|Other|CrossCountry Mortgage, LLC||7.125|7.125|250000.00||245767.71|360|122023|022024|20|340|340|012054|41|41|1|45|799||N|R|SF|1|I|NJ|35620|079||FRM|N|N|||00|XXXXXX000000000000000000000000000000000000000000|N|||||||223.73|||||||||||||||||||||||||N|||||7||N|||||A|N|||||||||||||||7|N|||7|||7|
|000137581454|012024|R|U.S. Bank N.A.|U.S. Bank N.A.||7.500|7.500|184000.00||184000.00|360|122023|012024|1|359|359|122053|80|80|1|36|778||N|P|PU|1|P|IL|16980|601||FRM|N|N|||00|XXXXXXXXXXXXXXXXXXXXXXXXXXXXXXXXXXXXXXXXXXXXXX00|N||||||||||||||||||||||||||||||||N|||||7||N|||||A|N|||||||||||||||7|N|||7|||7|
|000137581454|022024|R|U.S. Bank N.A.|U.S. Bank N.A.||7.500|7.500|184000.00||184000.00|360|122023|012024|2|358|357|122053|80|80|1|36|778||N|P|PU|1|P|IL|16980|601||FRM|N|N|||00|XXXXXXXXXXXXXXXXXXXXXXXXXXXXXXXXXXXXXXXXXXXX0000|N|||||||275.66|||||||||||||||||||||||||N|||||7||N|||||A|N|||||||||||||||7|N|||7|||7|
|000137581454|032024|R|U.S. Bank N.A.|U.S. Bank N.A.||7.500|7.500|184000.00||184000.00|360|122023|012024|3|357|357|122053|80|80|1|36|778||N|P|PU|1|P|IL|16980|601||FRM|N|N|||00|XXXXXXXXXXXXXXXXXXXXXXXXXXXXXXXXXXXXXXXXXX000000|N|||||||0.00|||||||||||||||||||||||||N|||||7||N|||||A|N|||||||||||||||7|N|||7|||7|
|000137581454|042024|R|U.S. Bank N.A.|U.S. Bank N.A.||7.500|7.500|184000.00||183000.00|360|122023|012024|4|356|356|122053|80|80|1|36|778||N|P|PU|1|P|IL|16980|601||FRM|N|N|||00|XXXXXXXXXXXXXXXXXXXXXXXXXXXXXXXXXXXXXXXX00000000|N|||||||139.13|||||||||||||||||||||||||N|||||7||N|||||A|N|||||||||||||||7|N|||7|||7|
|000137581454|052024|R|U.S. Bank N.A.|U.S. Bank N.A.||7.500|7.500|184000.00||183000.00|360|122023|012024|5|355|355|122053|80|80|1|36|778||N|P|PU|1|P|IL|16980|601||FRM|N|N|||00|XXXXXXXXXXXXXXXXXXXXXXXXXXXXXXXXXXXXXX0000000000|N|||||||140.00|||||||||||||||||||||||||Y|||||7||N|||||A|N|||||||||||||||7|N|||7|||7|
|000137581454|062024|R|U.S. Bank N.A.|U.S. Bank N.A.||7.500|7.500|184000.00||183000.00|360|122023|012024|6|354|354|122053|80|80|1|36|778||N|P|PU|1|P|IL|16980|601||FRM|N|N|||00|XXXXXXXXXXXXXXXXXXXXXXXXXXXXXXXXXXXX000000000000|N|||||||140.87|||||||||||||||||||||||||Y|||||7||N|||||A|N|||||||||||||||7|N|||7|||7|
|000137581454|072024|R|U.S. Bank N.A.|U.S. Bank N.A.||7.500|7.500|184000.00||183025.84|360|122023|012024|7|353|353|122053|80|80|1|36|778||N|P|PU|1|P|IL|16980|601||FRM|N|N|||00|XXXXXXXXXXXXXXXXXXXXXXXXXXXXXXXXXX00000000000000|N|||||||141.75|||||||||||||||||||||||||N|||||7||N|||||A|N|||||||||||||||7|N|||7|||7|
|000137581454|082024|R|U.S. Bank N.A.|U.S. Bank N.A.||7.500|7.500|184000.00||182883.20|360|122023|012024|8|352|352|122053|80|80|1|36|778||N|P|PU|1|P|IL|16980|601||FRM|N|N|||00|XXXXXXXXXXXXXXXXXXXXXXXXXXXXXXXX0000000000000000|N|||||||142.64|||||||||||||||||||||||||N|||||7||N|||||A|N|||||||||||||||7|N|||7|||7|
|000137581454|092024|R|U.S. Bank N.A.|U.S. Bank N.A.||7.500|7.500|184000.00||182739.67|360|122023|012024|9|351|351|122053|80|80|1|36|778||N|P|PU|1|P|IL|16980|601||FRM|N|N|||00|XXXXXXXXXXXXXXXXXXXXXXXXXXXXXX000000000000000000|N|||||||143.53|||||||||||||||||||||||||N|||||7||N|||||A|N|||||||||||||||7|N|||7|||7|
|000137581454|102024|R|U.S. Bank N.A.|U.S. Bank N.A.||7.500|7.500|184000.00||182595.24|360|122023|012024|10|350|350|122053|80|80|1|36|778||N|P|PU|1|P|IL|16980|601||FRM|N|N|||00|XXXXXXXXXXXXXXXXXXXXXXXXXXXX00000000000000000000|N|||||||144.43|||||||||||||||||||||||||N|||||7||N|||||A|N|||||||||||||||7|N|||7|||7|
|000137581454|112024|R|U.S. Bank N.A.|U.S. Bank N.A.||7.500|7.500|184000.00||182449.91|360|122023|012024|11|349|349|122053|80|80|1|36|778||N|P|PU|1|P|IL|16980|601||FRM|N|N|||00|XXXXXXXXXXXXXXXXXXXXXXXXXX0000000000000000000000|N|||||||145.33|||||||||||||||||||||||||N|||||7||N|||||A|N|||||||||||||||7|N|||7|||7|
|000137581454|122024|R|U.S. Bank N.A.|U.S. Bank N.A.||7.500|7.500|184000.00||182303.67|360|122023|012024|12|348|348|122053|80|80|1|36|778||N|P|PU|1|P|IL|16980|601||FRM|N|N|||00|XXXXXXXXXXXXXXXXXXXXXXXX000000000000000000000000|N|||||||146.24|||||||||||||||||||||||||N|||||7||N|||||A|N|||||||||||||||7|N|||7|||7|
|000137581454|012025|R|U.S. Bank N.A.|U.S. Bank N.A.||7.500|7.500|184000.00||182156.52|360|122023|012024|13|347|347|122053|80|80|1|36|778||N|P|PU|1|P|IL|16980|601||FRM|N|N|||00|XXXXXXXXXXXXXXXXXXXXXX00000000000000000000000000|N|||||||147.15|||||||||||||||||||||||||N|||||7||N|||||A|N|||||||||||||||7|N|||7|||7|
|000137581454|022025|R|U.S. Bank N.A.|U.S. Bank N.A.||7.500|7.500|184000.00||182008.45|360|122023|012024|14|346|346|122053|80|80|1|36|778||N|P|PU|1|P|IL|16980|601||FRM|N|N|||00|XXXXXXXXXXXXXXXXXXXX0000000000000000000000000000|N|||||||148.07|||||||||||||||||||||||||N|||||7||N|||||A|N|||||||||||||||7|N|||7|||7|
|000137581454|032025|R|U.S. Bank N.A.|U.S. Bank N.A.||7.500|7.500|184000.00||181859.45|360|122023|012024|15|345|345|122053|80|80|1|36|778||N|P|PU|1|P|IL|16980|601||FRM|N|N|||00|XXXXXXXXXXXXXXXXXX000000000000000000000000000000|N|||||||149.00|||||||||||||||||||||||||N|||||7||N|||||A|N|||||||||||||||7|N|||7|||7|
|000137581454|042025|R|U.S. Bank N.A.|U.S. Bank N.A.||7.500|7.500|184000.00||181709.52|360|122023|012024|16|344|344|122053|80|80|1|36|778||N|P|PU|1|P|IL|16980|601||FRM|N|N|||00|XXXXXXXXXXXXXXXX00000000000000000000000000000000|N|||||||149.93|||||||||||||||||||||||||N|||||7||N|||||A|N|||||||||||||||7|N|||7|||7|
|000137581454|052025|R|U.S. Bank N.A.|U.S. Bank N.A.||7.500|7.500|184000.00||181558.65|360|122023|012024|17|343|343|122053|80|80|1|36|778||N|P|PU|1|P|IL|16980|601||FRM|N|N|||00|XXXXXXXXXXXXXX0000000000000000000000000000000000|N|||||||150.87|||||||||||||||||||||||||N|||||7||N|||||A|N|||||||||||||||7|N|||7|||7|
|000137581454|062025|R|U.S. Bank N.A.|U.S. Bank N.A.||7.500|7.500|184000.00||181406.84|360|122023|012024|18|342|342|122053|80|80|1|36|778||N|P|PU|1|P|IL|16980|601||FRM|N|N|||00|XXXXXXXXXXXX000000000000000000000000000000000000|N|||||||151.81|||||||||||||||||||||||||N|||||7||N|||||A|N|||||||||||||||7|N|||7|||7|
|000137581454|072025|R|U.S. Bank N.A.|U.S. Bank N.A.||7.500|7.500|184000.00||181254.08|360|122023|012024|19|341|341|122053|80|80|1|36|778||N|P|PU|1|P|IL|16980|601||FRM|N|N|||00|XXXXXXXXXX00000000000000000000000000000000000000|N|||||||152.76|||||||||||||||||||||||||N|||||7||N|||||A|N|||||||||||||||7|N|||7|||7|
|000137581454|082025|R|U.S. Bank N.A.|U.S. Bank N.A.||7.500|7.500|184000.00||181100.37|360|122023|012024|20|340|340|122053|80|80|1|36|778||N|P|PU|1|P|IL|16980|601||FRM|N|N|||00|XXXXXXXX0000000000000000000000000000000000000000|N|||||||153.71|||||||||||||||||||||||||N|||||7||N|||||A|N|||||||||||||||7|N|||7|||7|
|000137581454|092025|R|U.S. Bank N.A.|U.S. Bank N.A.||7.500|7.500|184000.00||180945.70|360|122023|012024|21|339|339|122053|80|80|1|36|778||N|P|PU|1|P|IL|16980|601||FRM|N|N|||00|XXXXXX000000000000000000000000000000000000000000|N|||||||154.67|||||||||||||||||||||||||N|||||7||N|||||A|N|||||||||||||||7|N|||7|||7|
|000137581455|012024|C|Other|Other||7.490|7.490|280000.00||280000.00|360|112023|012024|1|359|359|122053|95|95|1|45|746||Y|P|CO|1|P|WA|42660|981|25.00|FRM|N|N|||00|XXXXXXXXXXXXXXXXXXXXXXXXXXXXXXXXXXXXXXXXXXXXXX00|N|||||||||||||||||||||||||||||||1|N|||||H||N|||||A|N|||||||||||||||7|N|||7|||7|
|000137581455|022024|C|Other|Other||7.490|7.490|280000.00||280000.00|360|112023|012024|2|358|358|122053|95|95|1|45|746||Y|P|CO|1|P|WA|42660|981|25.00|FRM|N|N|||00|XXXXXXXXXXXXXXXXXXXXXXXXXXXXXXXXXXXXXXXXXXXX0000|N|||||||209.70||||||||||||||||||||||||1|N|||||H||N|||||A|N|||||||||||||||7|N|||7|||7|
|000137581455|032024|C|Other|Other||7.490|7.490|280000.00||280000.00|360|112023|012024|3|357|357|122053|95|95|1|45|746||Y|P|CO|1|P|WA|42660|981|25.00|FRM|N|N|||00|XXXXXXXXXXXXXXXXXXXXXXXXXXXXXXXXXXXXXXXXXX000000|N|||||||211.01||||||||||||||||||||||||1|N|||||H||N|||||A|N|||||||||||||||7|N|||7|||7|
|000137581455|042024|C|Other|Other||7.490|7.490|280000.00||279000.00|360|112023|012024|4|356|356|122053|95|95|1|45|746||Y|P|CO|1|P|WA|42660|981|25.00|FRM|N|N|||00|XXXXXXXXXXXXXXXXXXXXXXXXXXXXXXXXXXXXXXXX00000000|N|||||||212.33||||||||||||||||||||||||1|N|||||H||N|||||A|N|||||||||||||||7|N|||7|||7|
|000137581455|052024|C|Other|Other||7.490|7.490|280000.00||279000.00|360|112023|012024|5|355|355|122053|95|95|1|45|746||Y|P|CO|1|P|WA|42660|981|25.00|FRM|N|N|||00|XXXXXXXXXXXXXXXXXXXXXXXXXXXXXXXXXXXXXX0000000000|N|||||||213.65||||||||||||||||||||||||1|N|||||H||N|||||A|N|||||||||||||||7|N|||7|||7|
|000137581455|062024|C|Other|Other||7.490|7.490|280000.00||279000.00|360|112023|012024|6|354|354|122053|95|95|1|45|746||Y|P|CO|1|P|WA|42660|981|25.00|FRM|N|N|||00|XXXXXXXXXXXXXXXXXXXXXXXXXXXXXXXXXXXX000000000000|N|||||||214.99||||||||||||||||||||||||1|N|||||H||N|||||A|N|||||||||||||||7|N|||7|||7|
|000137581455|072024|C|Other|Other||7.490|7.490|280000.00||278763.59|360|112023|012024|7|353|353|122053|95|95|1|45|746||Y|P|CO|1|P|WA|42660|981|25.00|FRM|N|N|||00|XXXXXXXXXXXXXXXXXXXXXXXXXXXXXXXXXX00000000000000|N|||||||216.33||||||||||||||||||||||||1|N|||||H||N|||||A|N|||||||||||||||7|N|||7|||7|
|000137581455|082024|C|Other|Other||7.490|7.490|280000.00||278545.91|360|112023|012024|8|352|352|122053|95|95|1|45|746||Y|P|CO|1|P|WA|42660|981|25.00|FRM|N|N|||00|XXXXXXXXXXXXXXXXXXXXXXXXXXXXXXXX0000000000000000|N|||||||217.68||||||||||||||||||||||||1|N|||||H||N|||||A|N|||||||||||||||7|N|||7|||7|
|000137581455|092024|C|Other|Other||7.490|7.490|280000.00||278326.87|360|112023|012024|9|351|351|122053|95|95|1|45|746||Y|P|CO|1|P|WA|42660|981|25.00|FRM|N|N|||00|XXXXXXXXXXXXXXXXXXXXXXXXXXXXXX000000000000000000|N|||||||219.04||||||||||||||||||||||||1|N|||||H||N|||||A|N|||||||||||||||7|N|||7|||7|
|000137581455|102024|C|Other|Other||7.490|7.490|280000.00||278106.46|360|112023|012024|10|350|350|122053|95|95|1|45|746||Y|P|CO|1|P|WA|42660|981|25.00|FRM|N|N|||00|XXXXXXXXXXXXXXXXXXXXXXXXXXXX00000000000000000000|N|||||||220.41||||||||||||||||||||||||1|N|||||H||N|||||A|N|||||||||||||||7|N|||7|||7|
|000137581455|112024|C|Other|Other||7.490|7.490|280000.00||277884.68|360|112023|012024|11|349|349|122053|95|95|1|45|746||Y|P|CO|1|P|WA|42660|981|25.00|FRM|N|N|||00|XXXXXXXXXXXXXXXXXXXXXXXXXX0000000000000000000000|N|||||||221.78||||||||||||||||||||||||1|N|||||H||N|||||A|N|||||||||||||||7|N|||7|||7|
|000137581455|122024|C|Other|Other||7.490|7.490|280000.00||277661.51|360|112023|012024|12|348|348|122053|95|95|1|45|746||Y|P|CO|1|P|WA|42660|981|25.00|FRM|N|N|||00|XXXXXXXXXXXXXXXXXXXXXXXX000000000000000000000000|N|||||||223.17||||||||||||||||||||||||1|N|||||H||N|||||A|N|||||||||||||||7|N|||7|||7|
|000137581455|012025|C|Other|||7.490||280000.00||0.00|360|112023|012024|||||95|95|1|45|746||Y|P|CO|1|P|WA|42660|981|25.00|FRM|N|N|||00||||01|012025|277661.51|||277661.51||||||||||||||||||||||||1||||||H||N|||||A|N|||||||||||||||7|N||N|7|||7|
|000137581456|012024|R|Other|Nationstar Mortgage LLC||7.250|7.250|101000.00||101000.00|360|122023|022024|0|360|360|012054|75|75|1|22|798||N|P|SF|2|I|MO|28140|640||FRM|N|N|||00|XXXXXXXXXXXXXXXXXXXXXXXXXXXXXXXXXXXXXXXXXXXXXX00|N||||||||||||||||||||||||||||||||N|||||7||N|||||A|N|||||||||||||||7|N|||7|||7|
|000137581456|022024|R|Other|Nationstar Mortgage LLC||7.250|7.250|101000.00||101000.00|360|122023|022024|1|359|359|012054|75|75|1|22|798||N|P|SF|2|I|MO|28140|640||FRM|N|N|||00|XXXXXXXXXXXXXXXXXXXXXXXXXXXXXXXXXXXXXXXXXXXX0000|N|||||||78.98|||||||||||||||||||||||||N|||||7||N|||||A|N|||||||||||||||7|N|||7|||7|
|000137581456|032024|R|Other|Nationstar Mortgage LLC||7.250|7.250|101000.00||101000.00|360|122023|022024|2|358|358|012054|75|75|1|22|798||N|P|SF|2|I|MO|28140|640||FRM|N|N|||00|XXXXXXXXXXXXXXXXXXXXXXXXXXXXXXXXXXXXXXXXXX000000|N|||||||79.46|||||||||||||||||||||||||N|||||7||N|||||A|N|||||||||||||||7|N|||7|||7|
|000137581456|042024|R|Other|Nationstar Mortgage LLC||7.250|7.250|101000.00||101000.00|360|122023|022024|3|357|357|012054|75|75|1|22|798||N|P|SF|2|I|MO|28140|640||FRM|N|N|||00|XXXXXXXXXXXXXXXXXXXXXXXXXXXXXXXXXXXXXXXX00000000|N|||||||79.94|||||||||||||||||||||||||N|||||7||N|||||A|N|||||||||||||||7|N|||7|||7|
|000137581456|052024|R|Other|Nationstar Mortgage LLC||7.250|7.250|101000.00||101000.00|360|122023|022024|4|356|356|012054|75|75|1|22|798||N|P|SF|2|I|MO|28140|640||FRM|N|N|||00|XXXXXXXXXXXXXXXXXXXXXXXXXXXXXXXXXXXXXX0000000000|N|||||||80.42|||||||||||||||||||||||||N|||||7||N|||||A|N|||||||||||||||7|N|||7|||7|
|000137581456|062024|R|Other|Nationstar Mortgage LLC||7.250|7.250|101000.00||101000.00|360|122023|022024|5|355|355|012054|75|75|1|22|798||N|P|SF|2|I|MO|28140|640||FRM|N|N|||00|XXXXXXXXXXXXXXXXXXXXXXXXXXXXXXXXXXXX000000000000|N|||||||80.91|||||||||||||||||||||||||N|||||7||N|||||A|N|||||||||||||||7|N|||7|||7|
|000137581456|072024|R|Other|Nationstar Mortgage LLC||7.250|7.250|101000.00||101000.00|360|122023|022024|6|354|354|012054|75|75|1|22|798||N|P|SF|2|I|MO|28140|640||FRM|N|N|||00|XXXXXXXXXXXXXXXXXXXXXXXXXXXXXXXXXX00000000000000|N|||||||81.40|||||||||||||||||||||||||N|||||7||N|||||A|N|||||||||||||||7|N|||7|||7|
|000137581456|082024|R|Other|Nationstar Mortgage LLC||7.250|7.250|101000.00||100687.00|360|122023|022024|7|353|353|012054|75|75|1|22|798||N|P|SF|2|I|MO|28140|640||FRM|N|N|||00|XXXXXXXXXXXXXXXXXXXXXXXXXXXXXXXX0000000000000000|N|||||||81.89|||||||||||||||||||||||||N|||||7||N|||||A|N|||||||||||||||7|N|||7|||7|
|000137581456|092024|R|Other|Nationstar Mortgage LLC||7.250|7.250|101000.00||100604.62|360|122023|022024|8|352|352|012054|75|75|1|22|798||N|P|SF|2|I|MO|28140|640||FRM|N|N|||00|XXXXXXXXXXXXXXXXXXXXXXXXXXXXXX000000000000000000|N|||||||82.38|||||||||||||||||||||||||N|||||7||N|||||A|N|||||||||||||||7|N|||7|||7|
|000137581456|102024|R|Other|Nationstar Mortgage LLC||7.250|7.250|101000.00||100521.74|360|122023|022024|9|351|351|012054|75|75|1|22|798||N|P|SF|2|I|MO|28140|640||FRM|N|N|||00|XXXXXXXXXXXXXXXXXXXXXXXXXXXX00000000000000000000|N|||||||82.88|||||||||||||||||||||||||N|||||7||N|||||A|N|||||||||||||||7|N|||7|||7|
|000137581456|112024|R|Other|Nationstar Mortgage LLC||7.250|7.250|101000.00||100438.36|360|122023|022024|10|350|350|012054|75|75|1|22|798||N|P|SF|2|I|MO|28140|640||FRM|N|N|||00|XXXXXXXXXXXXXXXXXXXXXXXXXX0000000000000000000000|N|||||||83.38|||||||||||||||||||||||||N|||||7||N|||||A|N|||||||||||||||7|N|||7|||7|
|000137581456|122024|R|Other|Nationstar Mortgage LLC||7.250|7.250|101000.00||100354.48|360|122023|022024|11|349|349|012054|75|75|1|22|798||N|P|SF|2|I|MO|28140|640||FRM|N|N|||00|XXXXXXXXXXXXXXXXXXXXXXXX000000000000000000000000|N|||||||83.88|||||||||||||||||||||||||N|||||7||N|||||A|N|||||||||||||||7|N|||7|||7|
|000137581456|012025|R|Other|Nationstar Mortgage LLC||7.250|7.250|101000.00||100270.09|360|122023|022024|12|348|348|012054|75|75|1|22|798||N|P|SF|2|I|MO|28140|640||FRM|N|N|||00|XXXXXXXXXXXXXXXXXXXXXX00000000000000000000000000|N|||||||84.39|||||||||||||||||||||||||N|||||7||N|||||A|N|||||||||||||||7|N|||7|||7|
|000137581456|022025|R|Other|Nationstar Mortgage LLC||7.250|7.250|101000.00||100185.19|360|122023|022024|13|347|347|012054|75|75|1|22|798||N|P|SF|2|I|MO|28140|640||FRM|N|N|||00|XXXXXXXXXXXXXXXXXXXX0000000000000000000000000000|N|||||||84.90|||||||||||||||||||||||||N|||||7||N|||||A|N|||||||||||||||7|N|||7|||7|
|000137581456|032025|R|Other|Nationstar Mortgage LLC||7.250|7.250|101000.00||100099.78|360|122023|022024|14|346|346|012054|75|75|1|22|798||N|P|SF|2|I|MO|28140|640||FRM|N|N|||00|XXXXXXXXXXXXXXXXXX000000000000000000000000000000|N|||||||85.41|||||||||||||||||||||||||N|||||7||N|||||A|N|||||||||||||||7|N|||7|||7|
|000137581456|042025|R|Other|Nationstar Mortgage LLC||7.250|7.250|101000.00||100013.85|360|122023|022024|15|345|345|012054|75|75|1|22|798||N|P|SF|2|I|MO|28140|640||FRM|N|N|||00|XXXXXXXXXXXXXXXX00000000000000000000000000000000|N|||||||85.93|||||||||||||||||||||||||N|||||7||N|||||A|N|||||||||||||||7|N|||7|||7|
|000137581456|052025|R|Other|Nationstar Mortgage LLC||7.250|7.250|101000.00||99927.40|360|122023|022024|16|344|344|012054|75|75|1|22|798||N|P|SF|2|I|MO|28140|640||FRM|N|N|||00|XXXXXXXXXXXXXX0000000000000000000000000000000000|N|||||||86.45|||||||||||||||||||||||||N|||||7||N|||||A|N|||||||||||||||7|N|||7|||7|
|000137581456|062025|R|Other|Nationstar Mortgage LLC||7.250|7.250|101000.00||99840.43|360|122023|022024|17|343|343|012054|75|75|1|22|798||N|P|SF|2|I|MO|28140|640||FRM|N|N|||00|XXXXXXXXXXXX000000000000000000000000000000000000|N|||||||86.97|||||||||||||||||||||||||N|||||7||N|||||A|N|||||||||||||||7|N|||7|||7|
|000137581456|072025|R|Other|Nationstar Mortgage LLC||7.250|7.250|101000.00||99752.93|360|122023|022024|18|342|342|012054|75|75|1|22|798||N|P|SF|2|I|MO|28140|640||FRM|N|N|||00|XXXXXXXXXX00000000000000000000000000000000000000|N|||||||87.50|||||||||||||||||||||||||N|||||7||N|||||A|N|||||||||||||||7|N|||7|||7|
|000137581456|082025|R|Other|Nationstar Mortgage LLC||7.250|7.250|101000.00||99664.90|360|122023|022024|19|341|341|012054|75|75|1|22|798||N|P|SF|2|I|MO|28140|640||FRM|N|N|||00|XXXXXXXX0000000000000000000000000000000000000000|N|||||||88.03|||||||||||||||||||||||||N|||||7||N|||||A|N|||||||||||||||7|N|||7|||7|
|000137581456|092025|R|Other|Nationstar Mortgage LLC||7.250|7.250|101000.00||99576.34|360|122023|022024|20|340|340|012054|75|75|1|22|798||N|P|SF|2|I|MO|28140|640||FRM|N|N|||00|XXXXXX000000000000000000000000000000000000000000|N|||||||88.56|||||||||||||||||||||||||N|||||7||N|||||A|N|||||||||||||||7|N|||7|||7|
|000137581457|012024|R|Other|Nationstar Mortgage LLC||7.125|7.125|722000.00||722000.00|360|012024|032024|-1|361|360|022054|65|65|2|49|789|780|N|R|PU|1|I|CA|37100|930||FRM|N|N|||00|XXXXXXXXXXXXXXXXXXXXXXXXXXXXXXXXXXXXXXXXXXXXXX00|N||||||||||||||||||||||||||||||||N|||||7||N|||||A|N|||||||||||||||7|N|||7|||7|
|000137581457|022024|R|Other|Nationstar Mortgage LLC||7.125|7.125|722000.00||722000.00|360|012024|032024|0|360|359|022054|65|65|2|49|789|780|N|R|PU|1|I|CA|37100|930||FRM|N|N|||00|XXXXXXXXXXXXXXXXXXXXXXXXXXXXXXXXXXXXXXXXXXXX0000|N|||||||577.57|||||||||||||||||||||||||N|||||7||N|||||A|N|||||||||||||||7|N|||7|||7|
|000137581457|032024|R|Other|Nationstar Mortgage LLC||7.125|7.125|722000.00||721000.00|360|012024|032024|1|359|358|022054|65|65|2|49|789|780|N|R|PU|1|I|CA|37100|930||FRM|N|N|||00|XXXXXXXXXXXXXXXXXXXXXXXXXXXXXXXXXXXXXXXXXX000000|N|||||||581.00|||||||||||||||||||||||||N|||||7||N|||||A|N|||||||||||||||7|N|||7|||7|
|000137581457|042024|R|Other|Nationstar Mortgage LLC||7.125|7.125|722000.00||721000.00|360|012024|032024|2|358|357|022054|65|65|2|49|789|780|N|R|PU|1|I|CA|37100|930||FRM|N|N|||00|XXXXXXXXXXXXXXXXXXXXXXXXXXXXXXXXXXXXXXXX00000000|N|||||||584.45|||||||||||||||||||||||||N|||||7||N|||||A|N|||||||||||||||7|N|||7|||7|
|000137581457|052024|R|Other|Nationstar Mortgage LLC||7.125|7.125|722000.00||720000.00|360|012024|032024|3|357|356|022054|65|65|2|49|789|780|N|R|PU|1|I|CA|37100|930||FRM|N|N|||00|XXXXXXXXXXXXXXXXXXXXXXXXXXXXXXXXXXXXXX0000000000|N|||||||587.92|||||||||||||||||||||||||N|||||7||N|||||A|N|||||||||||||||7|N|||7|||7|
|000137581457|062024|R|Other|Nationstar Mortgage LLC||7.125|7.125|722000.00||719000.00|360|012024|032024|4|356|355|022054|65|65|2|49|789|780|N|R|PU|1|I|CA|37100|930||FRM|N|N|||00|XXXXXXXXXXXXXXXXXXXXXXXXXXXXXXXXXXXX000000000000|N|||||||591.41|||||||||||||||||||||||||N|||||7||N|||||A|N|||||||||||||||7|N|||7|||7|
|000137581457|072024|R|Other|Nationstar Mortgage LLC||7.125|7.125|722000.00||719000.00|360|012024|032024|5|355|354|022054|65|65|2|49|789|780|N|R|PU|1|I|CA|37100|930||FRM|N|N|||00|XXXXXXXXXXXXXXXXXXXXXXXXXXXXXXXXXX00000000000000|N|||||||594.92|||||||||||||||||||||||||N|||||7||N|||||A|N|||||||||||||||7|N|||7|||7|
|000137581457|082024|R|Other|Nationstar Mortgage LLC||7.125|7.125|722000.00||718000.00|360|012024|032024|6|354|353|022054|65|65|2|49|789|780|N|R|PU|1|I|CA|37100|930||FRM|N|N|||00|XXXXXXXXXXXXXXXXXXXXXXXXXXXXXXXX0000000000000000|N|||||||598.45|||||||||||||||||||||||||N|||||7||N|||||A|N|||||||||||||||7|N|||7|||7|
|000137581457|092024|R|Other|Nationstar Mortgage LLC||7.125|7.125|722000.00||717532.27|360|012024|032024|7|353|352|022054|65|65|2|49|789|780|N|R|PU|1|I|CA|37100|930||FRM|N|N|||00|XXXXXXXXXXXXXXXXXXXXXXXXXXXXXX000000000000000000|N|||||||602.01|||||||||||||||||||||||||N|||||7||N|||||A|N|||||||||||||||7|N|||7|||7|
|000137581457|102024|R|Other|Nationstar Mortgage LLC||7.125|7.125|722000.00||717532.27|360|012024|032024|8|352|352|022054|65|65|2|49|789|780|N|R|PU|1|I|CA|37100|930||FRM|N|N|||00|XXXXXXXXXXXXXXXXXXXXXXXXXXXX00000000000000000000|N|||||||0.00|||||||||||||||||||||||||N|||||7||N|||||A|N|||||||||||||||7|N|||7|||7|
|000137581457|112024|R|Other|Nationstar Mortgage LLC||7.125|7.125|722000.00||716926.69|360|012024|032024|9|351|351|022054|65|65|2|49|789|780|N|R|PU|1|I|CA|37100|930||FRM|N|N|||00|XXXXXXXXXXXXXXXXXXXXXXXXXX0000000000000000000000|N|||||||605.58|||||||||||||||||||||||||N|||||7||N|||||A|N|||||||||||||||7|N|||7|||7|
|000137581457|122024|R|Other|||7.125||722000.00||0.00|360|012024|032024|||||65|65|2|49|789|780|N|R|PU|1|I|CA|37100|930||FRM|N|N|||00||||01|122024|716926.69|||716926.69||||||||||||||||||||||||||||||7||N|||||A|N|||||||||||||||7|N||N|7|||7|
|000137581458|012024|R|Rocket Mortgage, LLC|Rocket Mortgage, LLC||7.625|7.625|361000.00||361000.00|360|122023|022024|0|360|360|012054|95|95|1|50|809||N|P|SF|1|P|WA|42660|984|25.00|FRM|N|N|||00|XXXXXXXXXXXXXXXXXXXXXXXXXXXXXXXXXXXXXXXXXXXXXX00|N|||||||||||||||||||||||||||||||2|N|||||H||N|||||A|N|||||||||||||||7|N|||7|||7|
|000137581458|022024|R|Rocket Mortgage, LLC|Rocket Mortgage, LLC||7.625|7.625|361000.00||361000.00|360|122023|022024|1|359|359|012054|95|95|1|50|809||N|P|SF|1|P|WA|42660|984|25.00|FRM|N|N|||00|XXXXXXXXXXXXXXXXXXXXXXXXXXXXXXXXXXXXXXXXXXXX0000|N|||||||261.29||||||||||||||||||||||||2|N|||||H||N|||||A|N|||||||||||||||7|N|||7|||7|
|000137581458|032024|R|Rocket Mortgage, LLC|Rocket Mortgage, LLC||7.625|7.625|361000.00||360000.00|360|122023|022024|2|358|358|012054|95|95|1|50|809||N|P|SF|1|P|WA|42660|984|25.00|FRM|N|N|||00|XXXXXXXXXXXXXXXXXXXXXXXXXXXXXXXXXXXXXXXXXX000000|N|||||||262.95||||||||||||||||||||||||2|N|||||H||N|||||A|N|||||||||||||||7|N|||7|||7|
|000137581458|042024|R|Rocket Mortgage, LLC|Rocket Mortgage, LLC||7.625|7.625|361000.00||360000.00|360|122023|022024|3|357|357|012054|95|95|1|50|809||N|P|SF|1|P|WA|42660|984|25.00|FRM|N|N|||00|XXXXXXXXXXXXXXXXXXXXXXXXXXXXXXXXXXXXXXXX00000000|N|||||||264.62||||||||||||||||||||||||2|N|||||H||N|||||A|N|||||||||||||||7|N|||7|||7|
|000137581458|052024|R|Rocket Mortgage, LLC|Rocket Mortgage, LLC||7.625|7.625|361000.00||360000.00|360|122023|022024|4|356|356|012054|95|95|1|50|809||N|P|SF|1|P|WA|42660|984|25.00|FRM|N|N|||00|XXXXXXXXXXXXXXXXXXXXXXXXXXXXXXXXXXXXXX0000000000|N|||||||266.30||||||||||||||||||||||||2|N|||||H||N|||||A|N|||||||||||||||7|N|||7|||7|
|000137581458|062024|R|Rocket Mortgage, LLC|Rocket Mortgage, LLC||7.625|7.625|361000.00||360000.00|360|122023|022024|5|355|355|012054|95|95|1|50|809||N|P|SF|1|P|WA|42660|984|25.00|FRM|N|N|||00|XXXXXXXXXXXXXXXXXXXXXXXXXXXXXXXXXXXX000000000000|N|||||||267.99||||||||||||||||||||||||2|N|||||H||N|||||A|N|||||||||||||||7|N|||7|||7|
|000137581458|072024|R|Rocket Mortgage, LLC|Rocket Mortgage, LLC||7.625|7.625|361000.00||359000.00|360|122023|022024|6|354|354|012054|95|95|1|50|809||N|P|SF|1|P|WA|42660|984|25.00|FRM|N|N|||00|XXXXXXXXXXXXXXXXXXXXXXXXXXXXXXXXXX00000000000000|N|||||||269.69||||||||||||||||||||||||2|N|||||H||N|||||A|N|||||||||||||||7|N|||7|||7|
